{
  "metrics": {
    "custom": {
      "accuracy": 0.7606,
      "precision": 0.5342,
      "recall": 0.7536,
      "f1": 0.6252,
      "roc_auc": 0.8468
    },
    "sklearn": {
      "accuracy": 0.7417,
      "precision": 0.508,
      "recall": 0.7964,
      "f1": 0.6203,
      "roc_auc": 0.8537
    }
  },
  "roc": {
    "custom": {
      "fpr": [
        0.0,
        0.002574002574002574,
        0.005148005148005148,
        0.014157014157014158,
        0.01673101673101673,
        0.02574002574002574,
        0.028314028314028315,
        0.032175032175032175,
        0.03474903474903475,
        0.03861003861003861,
        0.043758043758043756,
        0.05276705276705277,
        0.055341055341055344,
        0.06306306306306306,
        0.06692406692406692,
        0.07207207207207207,
        0.07593307593307594,
        0.07979407979407979,
        0.08236808236808237,
        0.0888030888030888,
        0.09395109395109395,
        0.0990990990990991,
        0.10296010296010295,
        0.11196911196911197,
        0.11583011583011583,
        0.1287001287001287,
        0.14157014157014158,
        0.15186615186615188,
        0.16216216216216217,
        0.17374517374517376,
        0.1776061776061776,
        0.19047619047619047,
        0.19433719433719435,
        0.21364221364221364,
        0.22522522522522523,
        0.23423423423423423,
        0.2471042471042471,
        0.2651222651222651,
        0.2728442728442728,
        0.29987129987129985,
        0.3063063063063063,
        0.3178893178893179,
        0.3307593307593308,
        0.33976833976833976,
        0.3590733590733591,
        0.3655083655083655,
        0.3783783783783784,
        0.3886743886743887,
        0.39510939510939513,
        0.4118404118404118,
        0.42084942084942084,
        0.444015444015444,
        0.4594594594594595,
        0.4942084942084942,
        0.5598455598455598,
        0.61003861003861,
        0.6203346203346203,
        0.752895752895753
      ],
      "tpr": [
        0.0,
        0.039285714285714285,
        0.07142857142857142,
        0.10714285714285714,
        0.13214285714285715,
        0.15357142857142858,
        0.18214285714285713,
        0.2571428571428571,
        0.2857142857142857,
        0.3142857142857143,
        0.33214285714285713,
        0.34285714285714286,
        0.37857142857142856,
        0.3892857142857143,
        0.42142857142857143,
        0.42857142857142855,
        0.45357142857142857,
        0.46785714285714286,
        0.4857142857142857,
        0.4928571428571429,
        0.5214285714285715,
        0.5285714285714286,
        0.55,
        0.5607142857142857,
        0.5714285714285714,
        0.5964285714285714,
        0.6071428571428571,
        0.6178571428571429,
        0.6357142857142857,
        0.6464285714285715,
        0.6892857142857143,
        0.7,
        0.7107142857142857,
        0.7214285714285714,
        0.7392857142857143,
        0.75,
        0.7642857142857142,
        0.7785714285714286,
        0.7928571428571428,
        0.8071428571428572,
        0.8285714285714286,
        0.8392857142857143,
        0.8535714285714285,
        0.8607142857142858,
        0.8714285714285714,
        0.8785714285714286,
        0.8892857142857142,
        0.9,
        0.9107142857142857,
        0.9178571428571428,
        0.9285714285714286,
        0.9357142857142857,
        0.9464285714285714,
        0.9571428571428572,
        0.9678571428571429,
        0.975,
        0.9892857142857143,
        0.9964285714285714
      ]
    },
    "sklearn": {
      "fpr": [
        0.0,
        0.005148005148005148,
        0.007722007722007722,
        0.014157014157014158,
        0.01673101673101673,
        0.021879021879021878,
        0.02445302445302445,
        0.032175032175032175,
        0.03861003861003861,
        0.047619047619047616,
        0.055341055341055344,
        0.059202059202059204,
        0.06306306306306306,
        0.07207207207207207,
        0.07722007722007722,
        0.08494208494208494,
        0.09137709137709138,
        0.0978120978120978,
        0.10424710424710425,
        0.10810810810810811,
        0.11711711711711711,
        0.12355212355212356,
        0.14157014157014158,
        0.148005148005148,
        0.15315315315315314,
        0.15701415701415702,
        0.16344916344916344,
        0.16731016731016732,
        0.17245817245817247,
        0.1776061776061776,
        0.18404118404118405,
        0.19305019305019305,
        0.20205920205920205,
        0.2277992277992278,
        0.23423423423423423,
        0.25096525096525096,
        0.25611325611325614,
        0.2676962676962677,
        0.277992277992278,
        0.287001287001287,
        0.29343629343629346,
        0.30244530244530243,
        0.3166023166023166,
        0.33462033462033464,
        0.33976833976833976,
        0.34234234234234234,
        0.36164736164736166,
        0.38095238095238093,
        0.3912483912483912,
        0.40283140283140284,
        0.4144144144144144,
        0.44015444015444016,
        0.47104247104247104,
        0.5032175032175032,
        0.5855855855855856,
        0.5971685971685972,
        0.6190476190476191,
        0.7207207207207207
      ],
      "tpr": [
        0.0,
        0.05357142857142857,
        0.11785714285714285,
        0.175,
        0.2,
        0.22142857142857142,
        0.26785714285714285,
        0.2857142857142857,
        0.31785714285714284,
        0.35714285714285715,
        0.40714285714285714,
        0.42142857142857143,
        0.44285714285714284,
        0.4785714285714286,
        0.49642857142857144,
        0.5178571428571429,
        0.5321428571428571,
        0.5464285714285714,
        0.5571428571428572,
        0.5642857142857143,
        0.5821428571428572,
        0.5928571428571429,
        0.6035714285714285,
        0.6107142857142858,
        0.625,
        0.6357142857142857,
        0.65,
        0.6642857142857143,
        0.6857142857142857,
        0.7,
        0.7107142857142857,
        0.7214285714285714,
        0.7321428571428571,
        0.7428571428571429,
        0.7535714285714286,
        0.7642857142857142,
        0.775,
        0.7821428571428571,
        0.8,
        0.8071428571428572,
        0.8178571428571428,
        0.825,
        0.8392857142857143,
        0.8464285714285714,
        0.8607142857142858,
        0.8785714285714286,
        0.8928571428571429,
        0.9035714285714286,
        0.9107142857142857,
        0.9214285714285714,
        0.9285714285714286,
        0.9392857142857143,
        0.9464285714285714,
        0.9607142857142857,
        0.9678571428571429,
        0.9785714285714285,
        0.9892857142857143,
        1.0
      ]
    }
  },
  "confusion_matrix": {
    "custom": [
      [
        593,
        184
      ],
      [
        69,
        211
      ]
    ],
    "sklearn": [
      [
        561,
        216
      ],
      [
        57,
        223
      ]
    ]
  },
  "feature_importance": [
    {
      "feature": "tenure",
      "coefficient": -0.6634
    },
    {
      "feature": "has_fiber",
      "coefficient": 0.4353
    },
    {
      "feature": "Contract",
      "coefficient": -0.4249
    },
    {
      "feature": "charge_per_month",
      "coefficient": -0.3511
    },
    {
      "feature": "MonthlyCharges",
      "coefficient": 0.331
    },
    {
      "feature": "TechSupport",
      "coefficient": -0.2153
    },
    {
      "feature": "is_long_term",
      "coefficient": -0.19
    },
    {
      "feature": "OnlineSecurity",
      "coefficient": -0.1873
    },
    {
      "feature": "PaperlessBilling",
      "coefficient": 0.1667
    },
    {
      "feature": "num_services",
      "coefficient": 0.1651
    },
    {
      "feature": "PhoneService",
      "coefficient": -0.1462
    },
    {
      "feature": "MultipleLines",